﻿Designator,Footprint,Quantity,Value,LCSC Part #
BT1,JST_PH_S2B-PH-K_1x02_P2.00mm_Horizontal,1,Li-Po,
"C1, C15, C16, C18, C19, C20, C3, C4, C6",0402,9,0.1u,C307331
C10,0402,1,1u,C52923
"C11, C9",0603,2,4.7u,C19666
"C12, C2",0402,2,0.01u,C15195
"C13, C14",0402,2,47p,C1567
C17,0402,1,1000p,C1523
"C5, C7, C8",0805,3,10u,C440198
"D1, D12, D13, D14, D15, D16, D17, D18, D19, D2, D3, D4, D5, D6, D7, D8, D9",D_SOD-123,17,D,C81598
D10,0603,1,B.Stat LED4 (White),
D11,0603,1,B.Stat LED3 (White),
D20,0603,1,B.Stat LED2 (White),
D21,0603,1,B.Stat LED1 (White),
D22,0603,1,B. Low LED (Red),
"D23, D25",SOT-323_SC-70,2,"DF3D18FU,LF",
D24,0603,1,LED Power(White),
"D26, D28",D_SOD-123F,2,RB160M-30TR,
D27,0603,1,LED Charging(Yellow),
D29,0603,1,RX LED(Yellow),C72038
D30,0603,1,TX LED(Red),C2286
"F1, F2",MF-NSMF,2,MF-NSMF035X,
"H10, H11, H2, H3, H4, H5, H7, H8",MountingHole_2.2mm_M2,8,MountingHole,
J1,PinHeader_1x04_P2.54mm_Horizontal,1,OLED,
J2,USB_C_Receptacle_G-Switch_GT-USB-7010ASV,1,USB_C_Main,C2988369
"Q1, Q2",SOT-323_SC-70,2,2SC4116,
R1,0603,1,33k,C22967
"R10, R19, R23, R24, R25, R31, R35, R36, R37, R38, R8, R9",0402,12,10k,C25744
"R11, R12, R13, R15, R39, R40",0402,6,1k,C11702
R14,0402,1,330,C25104
"R16, R17",0402,2,5.1k,C25905
R18,1206,1,3.9k,
R2,0603,1,330k,C23137
R20,0603,1,13k,C22797
R21,0402,1,33k,C25779
"R22, R32, R33, R34",0402,4,470,C25117
R26,0603,1,100,C22775
"R27, R28",0603,2,33,C23140
"R29, R3, R4, R5",0402,4,100k,C25741
R30,0402,1,330k,C23137
R6,0603,1,470k,C23178
R7,0603,1,1M,C26083
"SW1, SW10, SW11, SW12, SW13, SW14, SW15, SW16, SW17, SW18, SW2, SW3, SW5, SW6, SW7, SW8, SW9",MX_Choc_Socket,17,SW_Push,
SW19,TMHU27,1,TMHU27,
SW20,THBP07,1,Power_SW,
SW21,TVAF06,1,Program,
SW22,TVAF06,1,Reset,
SW4,EC12,1,RotaryEncoder_Switch,
U1,TSSOP-14_4.4x5mm_P0.65mm,1,LM324APT,C111180
U2,SOT-23-5,1,NJM12877F25,
U3,ESP32-S3-WROOM-1,1,ESP32-S3-WROOM-1-N16R8,
U4,SOT-23-5,1,MCP73831-2-OT,
U5,SOT-23-5,1,BD5229G-1,
U6,SSOP-20_3.9x8.7mm_P0.635mm,1,FT231XS,C132160
U7,SOT-363_SC-70-6,1,NC7SV157, C184123
U8,XC6194,1,XC6194AA03ER-G,C18221112
U9,AE-XC9306-3V3,1,AE-XC9306-3V3,
